id,name,unit,frequency,source,source_url,derived,count,start,end,last_value,retrieved_at,method
RWTC,"Cushing, OK WTI Spot Price FOB (Dollars per Barrel)",dollars per barrel,daily,EIA,https://www.eia.gov/dnav/pet/hist/LeafHandler.ashx?n=PET&s=RWTC&f=D,False,9512,1986-01-02,2026-09-29,96.16,2026-10-07T10:00:55+00:00,
RBRTE,Europe Brent Spot Price FOB (Dollars per Barrel),dollars per barrel,daily,EIA,https://www.eia.gov/dnav/pet/hist/LeafHandler.ashx?n=PET&s=RBRTE&f=D,False,9097,1987-05-20,2026-09-29,113.96,2026-10-07T10:00:55+00:00,
RCLC1,"Cushing, OK Crude Oil Future Contract 1 (Dollars per Barrel)",dollars per barrel,daily,EIA,https://www.eia.gov/dnav/pet/hist/LeafHandler.ashx?n=PET&s=RCLC1&f=D,False,10183,1983-04-04,2024-04-05,86.91,2026-10-07T10:00:55+00:00,
RCLC2,"Cushing, OK Crude Oil Future Contract 2 (Dollars per Barrel)",dollars per barrel,daily,EIA,https://www.eia.gov/dnav/pet/hist/LeafHandler.ashx?n=PET&s=RCLC2&f=D,False,9594,1985-01-02,2024-04-05,86.1,2026-10-07T10:00:55+00:00,
RCLC3,"Cushing, OK Crude Oil Future Contract 3 (Dollars per Barrel)",dollars per barrel,daily,EIA,https://www.eia.gov/dnav/pet/hist/LeafHandler.ashx?n=PET&s=RCLC3&f=D,False,10219,1983-03-30,2024-04-05,85.2,2026-10-07T10:00:55+00:00,
RCLC4,"Cushing, OK Crude Oil Future Contract 4 (Dollars per Barrel)",dollars per barrel,daily,EIA,https://www.eia.gov/dnav/pet/hist/LeafHandler.ashx?n=PET&s=RCLC4&f=D,False,9551,1985-01-02,2024-04-05,84.24,2026-10-07T10:00:55+00:00,
HO_F1,New York Harbor No. 2 Heating Oil Future Contract 1 (Dollars per Gallon),dollars per gallon,daily,EIA,https://www.eia.gov/dnav/pet/hist/LeafHandler.ashx?n=PET&s=EER_EPD2F_PE1_Y35NY_DPG&f=D,False,9894,1980-01-02,2024-04-05,2.773,2026-10-07T10:00:55+00:00,
RBOB_F1,New York Harbor Reformulated RBOB Regular Gasoline Future Contract 1 (Dollars per Gallon),dollars per gallon,daily,EIA,https://www.eia.gov/dnav/pet/hist/LeafHandler.ashx?n=PET&s=EER_EPMRR_PE1_Y35NY_DPG&f=D,False,4609,2005-10-03,2024-04-05,2.789,2026-10-07T10:00:55+00:00,
HO_SPOT,New York Harbor No. 2 Heating Oil Spot Price FOB (Dollars per Gallon),dollars per gallon,daily,EIA,https://www.eia.gov/dnav/pet/hist/LeafHandler.ashx?n=PET&s=EER_EPD2F_PF4_Y35NY_DPG&f=D,False,8795,1986-06-02,2026-09-29,4.789,2026-10-07T10:00:55+00:00,
GAS_SPOT,New York Harbor Conventional Gasoline Regular Spot Price FOB (Dollars per Gallon),dollars per gallon,daily,EIA,https://www.eia.gov/dnav/pet/hist/LeafHandler.ashx?n=PET&s=EER_EPMRU_PF4_Y35NY_DPG&f=D,False,9146,1986-06-02,2026-09-29,3.329,2026-10-07T10:00:55+00:00,
WCESTUS1,Weekly U.S. Ending Stocks excluding SPR of Crude Oil  (Thousand Barrels),thousand barrels,weekly,EIA,https://www.eia.gov/dnav/pet/hist/LeafHandler.ashx?n=PET&s=WCESTUS1&f=W,False,2296,1982-08-20,2026-09-25,427320,2026-10-07T10:00:55+00:00,
WCRSTUS1,Weekly U.S. Ending Stocks of Crude Oil  (Thousand Barrels),thousand barrels,weekly,EIA,https://www.eia.gov/dnav/pet/hist/LeafHandler.ashx?n=PET&s=WCRSTUS1&f=W,False,2296,1982-08-20,2026-09-25,711087,2026-10-07T10:00:55+00:00,
CUSHING,"Weekly Cushing, OK Ending Stocks excluding SPR of Crude Oil  (Thousand Barrels)",thousand barrels,weekly,EIA,https://www.eia.gov/dnav/pet/hist/LeafHandler.ashx?n=PET&s=W_EPC0_SAX_YCUOK_MBBL&f=W,False,1089,2004-04-16,2026-09-25,24301,2026-10-07T10:00:55+00:00,
WCSSTUS1,Weekly U.S. Ending Stocks of Crude Oil in SPR  (Thousand Barrels),thousand barrels,weekly,EIA,https://www.eia.gov/dnav/pet/hist/LeafHandler.ashx?n=PET&s=WCSSTUS1&f=W,False,2296,1982-08-20,2026-09-25,283767,2026-10-07T10:00:55+00:00,
WDISTUS1,Weekly U.S. Ending Stocks of Distillate Fuel Oil  (Thousand Barrels),thousand barrels,weekly,EIA,https://www.eia.gov/dnav/pet/hist/LeafHandler.ashx?n=PET&s=WDISTUS1&f=W,False,2296,1982-08-20,2026-09-25,105180,2026-10-07T10:00:55+00:00,
WGTSTUS1,Weekly U.S. Ending Stocks of Total Gasoline  (Thousand Barrels),thousand barrels,weekly,EIA,https://www.eia.gov/dnav/pet/hist/LeafHandler.ashx?n=PET&s=WGTSTUS1&f=W,False,1917,1990-01-05,2026-09-25,204362,2026-10-07T10:00:55+00:00,
WGIRIUS2,Weekly U.S. Gross Inputs into Refineries  (Thousand Barrels per Day),thousand barrels per day,weekly,EIA,https://www.eia.gov/dnav/pet/hist/LeafHandler.ashx?n=PET&s=WGIRIUS2&f=W,False,1915,1990-01-05,2026-09-25,16670,2026-10-07T10:00:55+00:00,
WCRFPUS2,Weekly U.S. Field Production of Crude Oil  (Thousand Barrels per Day),thousand barrels per day,weekly,EIA,https://www.eia.gov/dnav/pet/hist/LeafHandler.ashx?n=PET&s=WCRFPUS2&f=W,False,2279,1983-01-07,2026-09-25,13955,2026-10-07T10:00:55+00:00,
WCRRIUS2,Weekly U.S. Refiner Net Input of Crude Oil  (Thousand Barrels per Day),thousand barrels per day,weekly,EIA,https://www.eia.gov/dnav/pet/hist/LeafHandler.ashx?n=PET&s=WCRRIUS2&f=W,False,2296,1982-08-20,2026-09-25,16257,2026-10-07T10:00:55+00:00,
WCRIMUS2,Weekly U.S. Imports of Crude Oil  (Thousand Barrels per Day),thousand barrels per day,weekly,EIA,https://www.eia.gov/dnav/pet/hist/LeafHandler.ashx?n=PET&s=WCRIMUS2&f=W,False,1489,1990-01-05,2026-09-25,5698,2026-10-07T10:00:55+00:00,
WCREXUS2,Weekly U.S. Exports of Crude Oil  (Thousand Barrels per Day),thousand barrels per day,weekly,EIA,https://www.eia.gov/dnav/pet/hist/LeafHandler.ashx?n=PET&s=WCREXUS2&f=W,False,1746,1991-02-08,2026-09-25,3570,2026-10-07T10:00:55+00:00,
WPULEUS3,Weekly U.S. Percent Utilization of Refinery Operable Capacity (Percent),percent,weekly,EIA,https://www.eia.gov/dnav/pet/hist/LeafHandler.ashx?n=PET&s=WPULEUS3&f=W,False,1860,1990-11-02,2026-09-25,92.5,2026-10-07T10:00:55+00:00,
WGFUPUS2,Weekly U.S. Product Supplied of Finished Motor Gasoline  (Thousand Barrels per Day),thousand barrels per day,weekly,EIA,https://www.eia.gov/dnav/pet/hist/LeafHandler.ashx?n=PET&s=WGFUPUS2&f=W,False,1859,1991-02-08,2026-09-25,8689,2026-10-07T10:00:55+00:00,
DTWEXBGS,Nominal Broad US Dollar Index,"index, Jan 2006=100",daily,FRED,https://fred.stlouisfed.org/series/DTWEXBGS,False,5203,2006-01-02,2026-10-02,121.3848,2026-10-07T10:00:55+00:00,
DGS10,Market Yield on US Treasury Securities at 10-Year Constant Maturity,percent,daily,FRED,https://fred.stlouisfed.org/series/DGS10,False,16175,1962-01-02,2026-10-05,5.31,2026-10-07T10:00:55+00:00,
DGS2,Market Yield on US Treasury Securities at 2-Year Constant Maturity,percent,daily,FRED,https://fred.stlouisfed.org/series/DGS2,False,12583,1976-06-01,2026-10-05,4.84,2026-10-07T10:00:55+00:00,
CFTC_CL,"WTI-PHYSICAL, NYMEX, CFTC disaggregated futures",contracts,weekly,CFTC,https://www.cftc.gov/MarketReports/CommitmentsofTraders/index.htm,False,874,2010-01-05,2026-09-29,122916,2026-10-07T10:00:55+00:00,Filtered disaggregated futures-only report by CFTC contract market code. Managed money net is long minus short and does not include spreads.
CFTC_BRENT,"Brent last day, NYMEX, CFTC disaggregated futures",contracts,weekly,CFTC,https://www.cftc.gov/MarketReports/CommitmentsofTraders/index.htm,False,770,2011-10-18,2026-09-29,3571,2026-10-07T10:00:55+00:00,Filtered disaggregated futures-only report by CFTC contract market code. Managed money net is long minus short and does not include spreads.
CL1_MINUS_CL4,NYMEX crude contract 1 minus contract 4,dollars per barrel,daily,Derived,,True,9449,1985-01-02,2024-04-05,2.67,2026-10-07T10:00:55+00:00,RCLC1 minus RCLC4 on dates both contracts print. Positive means the front is above the fourth.
DGS10_MINUS_DGS2,10-year Treasury yield minus 2-year Treasury yield,percentage points,daily,Derived,,True,12583,1976-06-01,2026-10-05,0.47,2026-10-07T10:00:55+00:00,DGS10 minus DGS2 on dates both yields print.
CRACK_321,3-2-1 crack: ((2 * RBOB_F1 + HO_F1) / 3) * 42 - RCLC1,dollars per barrel,daily,Derived,,True,4532,2005-10-03,2024-04-05,30.004,2026-10-07T10:00:55+00:00,"RBOB and heating oil futures are dollars per gallon. Times 42 converts the average gallon quote to a barrel quote, then subtracts NYMEX crude contract 1. Dates missing any input are omitted."
INV_SURPRISE,Commercial crude surprise versus the prior 52-week mean change,thousand barrels,weekly,Derived,,True,2239,1983-11-04,2026-09-25,698.076923077,2026-10-07T10:00:55+00:00,"Weekly change in EIA WCESTUS1, kept only when the week-ending dates are 7 days apart, minus the mean of the prior 52 kept changes. The mean uses weeks strictly before the current week. This is a trailing baseline, not an analyst survey."
CUSHING_COVER,Cushing days of cover,days,weekly,Derived,,True,1089,2004-04-16,2026-09-25,1.49480224,2026-10-07T10:00:55+00:00,"Cushing crude stocks (thousand barrels) divided by US refiner net inputs of crude (thousand barrels per day) on the same Friday. The result is days. Low cover is a print below the train 20th percentile, frozen at 1.403 days."
CURVE_Z,"Curve z-score, contract 1 minus contract 4",z-score,daily,Derived,,True,9449,1985-01-02,2024-04-05,1.52005774,2026-10-07T10:00:55+00:00,(CL1_MINUS_CL4 minus the train mean) divided by the train population standard deviation. Train mean -0.142 dollars per barrel. Train standard deviation 1.850. Both moments stop at 31 Dec 2019 and are applied to every later print. A positive CL1_MINUS_CL4 means the front NYMEX contract is above the fourth.
COT_Z,"Managed money z-score, WTI-PHYSICAL",z-score,weekly,Derived,,True,874,2010-01-05,2026-09-29,-1.693210604,2026-10-07T10:00:55+00:00,Managed-money net divided by open interest on CFTC 067651. Z-score uses the train mean and the train population standard deviation of that ratio. Train mean 0.1146. Train standard deviation 0.0386. The percentile is the share of train ratios at or below the current print. Spreads are not inside the net.
COT_PCT,Managed money percentile versus the pre-2020 distribution,percentile,weekly,Derived,,True,874,2010-01-05,2026-09-29,4.980842912,2026-10-07T10:00:55+00:00,"Share of train mm_net_oi prints at or below the current print, times 100. The train distribution is frozen."
CRACK_GAP,3-2-1 crack minus the pre-2020 median,dollars per barrel,daily,Derived,,True,4532,2005-10-03,2024-04-05,13.265,2026-10-07T10:00:55+00:00,CRACK_321 minus its train median. Train median 16.739 dollars per barrel. CRACK_321 is ((2 * RBOB_F1 + HO_F1) / 3) * 42 minus RCLC1. A date is absent when any input is absent. The futures workbooks end before the spot series.
RV20,"20-print realized volatility, RWTC",annualized log-return standard deviation,daily,Derived,,True,9432,1986-01-30,2026-09-29,0.821029835,2026-10-07T10:00:55+00:00,"Population standard deviation of the last 20 adjacent RWTC log returns, times the square root of 252. A return enters only when the two prints are 1 to 5 calendar days apart. High realized vol is at or above the train 80th percentile, frozen at 0.4535. Implied volatility is not in this archive. No implied-versus-realized ratio is computed."
SEAS_STOCK,Commercial crude stocks minus the pre-2020 month mean,thousand barrels,weekly,Derived,,True,2296,1982-08-20,2026-09-25,103424.35625,2026-10-07T10:00:55+00:00,"WCESTUS1 level minus the train mean level for that calendar month. Month means are frozen on weeks before 2020. A later January is compared with the pre-2020 January mean, not with a mean that includes itself."
UTIL_DEV,Refinery utilization minus the pre-2020 median,percentage points,weekly,Derived,,True,1860,1990-11-02,2026-09-25,2.1,2026-10-07T10:00:55+00:00,"WPULEUS3 minus its train median, in percentage points of utilization. Train median 90.40 percent. An anomaly is an absolute deviation at or above the train 90th percentile of absolute deviations, frozen at 7.10 points."
SPR_FLOW,SPR weekly stock change,thousand barrels,weekly,Derived,,True,2291,1982-08-27,2026-09-25,-785,2026-10-07T10:00:55+00:00,"Weekly change in EIA WCSSTUS1, the Strategic Petroleum Reserve, thousand barrels. Kept only when the two week-ending dates are 7 days apart. A negative change is a draw."
